0,1,2,3,4,n_cells_with_newline
1102,ACEH SINGKIL,51 638,"50 575
",102 213,1
1102031,GUNUNG MERIAH,"15 324
 ",15 038,30 362,1
1102033,"SURO
",3 847,3 720,7 567,1
1103,"ACEH SELATAN
 ",99 616,102 387,202 003,1
1105,ACEH TIMUR,179 682,"179 598
",359 280,1
1105110,PEUREULAK,"19 734
 ",19 800,39 534,1
1105112,"PEUREULAK BARAT
",6 785,7 008,13 793,1
1105131,"PEUDAWA
 ",5 147,5 026,10 173,1
1107070,WOYLA,5 937,"5 926
",11 863,1
1107090,SUNGAI MAS,"1 721
 ",1 700,3 421,1
1108,"ACEH BESAR
",179 495,170 730,350 225,1
1108030,"INDRAPURI
 ",9 952,9 711,19 663,1
1109150,DELIMA,8 888,"9 744
",18 632,1
1109200,KOTA SIGLI,"9 230
 ",9 424,18 654,1
1109220,"BATEE
",8 871,9 098,17 969,1
1110010,"SAMALANGA
 ",13 962,13 613,27 575,1
1111101,BAKTIYA BARAT,8 422,"8 517
",16 939,1
1111150,TANAH PASIR,"4 047
 ",4 348,8 395,1
1111160,"MUARA BATU
",12 032,12 332,24 364,1
1112010,"MANGGENG
 ",6 298,6 482,12 780,1
1115,NAGAN RAYA,70 039,"68 631
",138 670,1
1115041,SUKA MAKMUE,"4 020
 ",3 999,8 019,1
1116,"ACEH JAYA
",39 973,36 919,76 892,1
1116030,"KRUENG SABEE
 ",7 638,6 715,14 353,1
1172010,SUKAJAYA,7 927,"7 605
",15 532,1
1173021,LANGSA BARO,"20 828
 ",20 974,41 802,1
1174,"KOTA LHOKSEUMAWE
",84 893,85 611,170 504,1
1174021,"MUARA SATU
 ",15 527,15 687,31 214,1
1201132,BOTOMUZOI,4 360,"4 726
",9 086,1
1202022,RANTO BAEK,"5 633
 ",5 517,11 150,1
1202031,"ULU PUNGKUT
",2 097,2 146,4 243,1
1202040,"MUARA SIPONGI
 ",4 835,4 834,9 669,1
1204031,TUKKA,5 675,"5 721
",11 396,1
1204062,PASARIBU TOBING,"3 229
 ",3 238,6 467,1
1204071,"SOSOR GADONG
",6 226,6 243,12 469,1
1204080,"MANDUAMAS
 ",9 674,9 510,19 184,1
1206081,ULUAN,3 485,"3 495
",6 980,1
1207080,BILAH BARAT,"17 131
 ",16 607,33 738,1
1207140,"PANAI HULU
",16 867,16 392,33 259,1
1207210,"RANTAU SELATAN
 ",29 030,28 580,57 610,1
1209030,DOLOK PARDAMEAN,7 858,"7 686
",15 544,1
1209080,JORLANG HATARAN,"7 486
 ",7 707,15 193,1
1209091,"PANOMBEAN PANEI
",9 596,9 437,19 033,1
1209120,"SILAU KAHEAN
 ",8 440,8 625,17 065,1
1211020,LAUBALENG,8 889,"8 815
",17 704,1
1211080,SIMPANG EMPAT,"9 482
 ",9 453,18 935,1
1211082,"MERDEKA
",6 652,6 562,13 214,1
1211110,"TIGAPANAH
 ",14 584,14 827,29 411,1
1213040,KUALA,19 479,"19 541
",39 020,1
1213110,PADANG TUALANG,"23 269
 ",23 521,46 790,1
1213130,"SECANGGANG
",32 718,32 508,65 226,1
1213160,"BABALAN
 ",28 687,27 684,56 371,1
1215080,POLLUNG,8 808,"8 789
",17 597,1
1216012,PAGINDAR,"665
 ",545,1 210,1
1216014,"PERGETTENG-GETTENG SENGKUT
",1 898,1 844,3 742,1
1217,"SAMOSIR
 ",59 396,60 254,119 650,1
1219030,TALAWI,27 047,"26 459
",53 506,1
1220010,BATANG ONANG,"6 326
 ",6 487,12 813,1
1220030,"PORTIBI
",11 462,11 763,23 225,1
1220070,"DOLOK
 ",11 505,11 009,22 514,1
1224040,NAMOHALU ESIWA,5 994,"6 152
",12 146,1
1224110,LAHEWA,"10 181
 ",10 433,20 614,1
1225,"NIAS BARAT
",38 982,42 479,81 461,1
1225040,"LOLOFITU MOI
 ",6 479,7 212,13 691,1
1274021,BAJENIS,16 467,"16 620
",33 087,1
1275040,MEDAN DENAI,"71 346
 ",70 496,141 842,1
1275060,"MEDAN KOTA
",35 258,37 603,72 861,1
1275100,"MEDAN SELAYANG
 ",48 587,50 780,99 367,1
,,,,,0
,,,,,0
,,,,,0
,,,,,0
,,,,,0
,,,,,0
,,,,,0
,,,,,0
,,,,,0
,,,,,0
,,,,,0
,,,,,0
,,,,,0
,,,,,0
,,,,,0
,,,,,0
,,,,,0
,,,,,0
,,,,,0
1301040,SIBERUT UTARA,4 010,"3 784
",7 794,1
1302040,LINGGO SARI BAGANTI,"21 120
 ",21 176,42 296,1
1302060,"LENGAYANG
",25 233,26 419,51 652,1
1302100,"BAYANG
 ",17 633,19 066,36 699,1
1305030,PARIANGAN,9 494,"10 037
",19 531,1
1305090,SUNGAYANG,"8 185
 ",8 729,16 914,1
1305110,"SALIMPAUNG
",10 066,10 672,20 738,1
1306010,"BATANG ANAI
 ",21 904,21 737,43 641,1
1308,LIMA PULUH KOTA,172 507,"175 742
",348 249,1
1308030,HARAU,"23 313
 ",23 381,46 694,1
1308041,"MUNGKA
",12 319,12 681,25 000,1
1308060,"GUNUANG OMEH
 ",6 258,6 259,12 517,1
1311031,TIMPEH,6 923,"6 533
",13 456,1
1312030,KOTO BALINGKA,"13 096
 ",13 014,26 110,1
1312050,"LEMBAH MALINTANG
",20 714,21 236,41 950,1
1312090,"LUHAK NAN DUO
 ",18 815,18 527,37 342,1
1376,KOTA PAYAKUMBUH,57 890,"59 020
",116 910,1
1377,KOTA PARIAMAN,"38 886
 ",40 187,79 073,1
1377020,"PARIAMAN TENGAH
",14 428,14 552,28 980,1
1401051,PANGEAN,8 475,"8 625
",17 100,1
1402011,BATANG PERANAP,"4 676
 ",4 318,8 994,1
1402021,"BATANG CENAKU
",14 856,13 552,28 408,1
1402040,"PASIR PENYU
 ",15 610,15 124,30 734,1
1404021,UKUI,17 636,"15 276
",32 912,1
1404042,TELUK MERANTI,"7 280
 ",6 777,14 057,1
1405,"SIAK
",196 814,180 418,377 232,1
1405020,"SIAK
 ",11 190,10 233,21 423,1
1407010,ROKAN IV KOTO,10 333,"9 924
",20 257,1
1407041,RAMBAH HILIR,"17 580
 ",16 777,34 357,1
1407050,"TAMBUSAI
",27 066,25 945,53 011,1
1407061,"KEPENUHAN HULU
 ",8 149,7 614,15 763,1
1471,KOTA PEKANBARU,459 533,"444 369
",903 902,1
1471030,LIMAPULUH,"20 380
 ",21 252,41 632,1
1471050,"PEKANBARU KOTA
",12 546,12 456,25 002,1
1471081,"RUMBAI PESISIR
 ",32 999,31 770,64 769,1
1501080,GUNUNG KERINCI,5 952,"5 667
",11 619,1
1502011,SUNGAI TENANG,"4 669
 ",4 375,9 044,1
1502021,"LEMBAH MASURAI
",10 579,9 299,19 878,1
1502032,"RENAH PAMENANG
 ",6 853,6 577,13 430,1
1504040,MUARA BULIAN,27 937,"27 000
",54 937,1
1505011,SUNGAI BAHAR,"26 804
 ",24 179,50 983,1
1505021,"SUNGAI GELAM
",30 128,27 088,57 216,1
1505060,"SEKERNAN
 ",20 596,19 096,39 692,1
1508022,TENGAH ILIR,10 057,"9 141
",19 198,1
1508043,VII KOTO ILIR,"6 730
 ",6 266,12 996,1
1509,"BUNGO
",155 213,147 345,302 558,1
1509022,"RIMBO TENGAH
 ",12 115,11 600,23 715,1
,,,,,0
,,,,,0
,,,,,0
,,,,,0
,,,,,0
,,,,,0
,,,,,0
,,,,,0
,,,,,0
,,,,,0
,,,,,0
,,,,,0
,,,,,0
,,,,,0
1601092,SINAR PENINJAUAN,10 640,"9 859
",20 499,1
1602011,LEMPUING JAYA,"30 919
 ",28 167,59 086,1
1602021,"SUNGAI MENANG
",24 592,21 792,46 384,1
1602031,"CENGAL
 ",22 557,20 150,42 707,1
1604,LAHAT,189 213,"180 933
",370 146,1
1604050,PULAU PINANG,"5 664
 ",5 344,11 008,1
1604052,"GUMAY ULU
",2 688,2 328,5 016,1
1604062,"MUARA PAYANG
 ",4 365,3 975,8 340,1
1606,MUSI BANYUASIN,289 060,"273 524
",562 584,1
1606040,SEKAYU,"40 013
 ",38 921,78 934,1
1606090,"SUNGAI LILIN
",44 336,41 885,86 221,1
1606101,"LALAN
 ",19 859,17 829,37 688,1
1608091,KISAM ILIR,3 705,"3 273
",6 978,1
1609010,MARTAPURA,"24 743
 ",23 383,48 126,1
1609012,"JAYA PURA
",6 214,5 419,11 633,1
1609032,"BUAY PEMUKA BANGSA RAJA
 ",5 703,5 351,11 054,1
1611020,LINTANG KANAN,12 353,"11 522
",23 875,1
1671,KOTA PALEMBANG,"726 328
 ",726 512,1 452 840,1
1671011,"GANDUS
",29 092,28 196,57 288,1
1671031,"PLAJU
 ",39 659,39 325,78 984,1
1674041,LUBUK LINGGAU UTARA I,7 798,"7 518
",15 316,1
1701060,PINO,5 634,"5 607
",11 241,1
1702030,PADANG ULAK TANDING,"8 865
 ",8 403,17 268,1
1702032,"BINDU RIANG
",3 967,3 904,7 871,1
1702041,"BERMANI ULU
 ",5 874,5 614,11 488,1
1704072,LUNGKANG KULE,1 647,"1 578
",3 225,1
1705010,SEMIDANG ALAS MARAS,"10 575
 ",10 163,20 738,1
1705031,ILIR TALO,"6 725
 ",6 396,13 121,1
1705033,"ULU TALO
",2 515,2 235,4 750,1
1705043,"SELUMA TIMUR
 ",4 406,4 437,8 843,1
1708,KEPAHIANG,64 040,"60 971
",125 011,1
1708060,KABA WETAN,"5 463
 ",5 141,10 604,1
1708080,"MERIGI
",4 932,4 804,9 736,1
1709020,"KARANG TINGGI
 ",5 791,5 410,11 201,1
1801040,BALIK BUKIT,18 178,"16 809
",34 987,1
1801061,WAY TENONG,"21 877
 ",20 159,42 036,1
1802,"TANGGAMUS
",279 355,255 240,534 595,1
1802012,"BANDAR NEGERI SEMUONG
 ",9 625,8 465,18 090,1
1803121,SRAGI,16 111,"15 386
",31 497,1
1804020,BATANGHARI,"27 399
 ",27 087,54 486,1
1804040,"MARGATIGA
",22 344,21 051,43 395,1
1804061,"PASIR SAKTI
 ",17 691,16 681,34 372,1
1805081,SEPUTIH AGUNG,23 326,"22 590
",45 916,1
1805111,WAY SEPUTIH,"8 587
 ",8 264,16 851,1
1805121,"BUMI NABUNG
",15 764,14 999,30 763,1
1806,"LAMPUNG UTARA
 ",297 702,286 223,583 925,1
1807050,BAHUGA,4 913,"4 849
",9 762,1
1808,TULANG BAWANG,"205 996
 ",191 083,397 079,1
1808031,"BANJAR MARGO
",19 102,17 492,36 594,1
1808042,"MERAKSA AJI
 ",6 711,6 198,12 909,1
1811040,TANJUNG RAYA,17 638,"16 145
",33 783,1
1812020,TUMIJAJAR,"20 549
 ",19 857,40 406,1
1812040,"PAGAR DEWA
",2 632,2 526,5 158,1
1812080,"WAY KENANGA
 ",9 510,8 836,18 346,1
,,,,,0
,,,,,0
,,,,,0
,,,,,0
,,,,,0
,,,,,0
,,,,,0
,,,,,0
,,,,,0
,,,,,0
,,,,,0
1902,BELITUNG,80 647,"75 277
",155 924,1
1903,BANGKA BARAT,"91 201
 ",83 909,175 110,1
1903020,"TEMPILANG
",12 520,11 867,24 387,1
1903050,"JEBUS
 ",25 373,22 829,48 202,1
,,,,,0
,,,,,0
,,,,,0
,,,,,0
,,,,,0
,,,,,0
,,,,,0
,,,,,0
,,,,,0
,,,,,0
,,,,,0
,,,,,0
,,,,,0
,,,,,0
,,,,,0
,,,,,0
2101033,TEBING,13 106,"12 767
",25 873,1
2102060,BINTAN TIMUR,"20 371
 ",18 809,39 180,1
2102062,"MANTANG
",2 124,1 770,3 894,1
2103,"NATUNA
 ",35 870,33 449,69 319,1
2171041,SAGULUNG,80 917,"68 025
",148 942,1
2171081,BENGKONG,"45 834
 ",45 045,90 879,1
2172,"KOTA TANJUNGPINANG
",95 765,91 922,187 687,1
3171060,KEBAYORAN BARU,70 896,"70 926
",141 822,1
3172010,PASAR REBO,"95 640
 ",92 131,187 771,1
3172030,"CIPAYUNG
",116 569,112 090,228 659,1
3172060,"JATINEGARA
 ",137 046,127 855,264 901,1
,,,,,0
,,,,,0
,,,,,0
,,,,,0
,,,,,0
,,,,,0
,,,,,0
,,,,,0
,,,,,0
,,,,,0
,,,,,0
,,,,,0
,,,,,0
,,,,,0
,,,,,0
3201070,CIOMAS,76 027,"72 526
",148 553,1
3201120,MEGAMENDUNG,"50 477
 ",46 058,96 535,1
3201140,"BABAKAN MADANG
",53 343,49 865,103 208,1
3201161,"TANJUNGSARI
 ",25 474,24 513,49 987,1
3202100,LENGKONG,14 908,"14 275
",29 183,1
3202131,PURABAYA,"20 107
 ",19 419,39 526,1
3202150,"NYALINDUNG
",23 732,22 468,46 200,1
3202172,"CIREUNGHAS
 ",16 027,15 342,31 369,1
3203100,PAGELARAN,35 303,"32 536
",67 839,1
3203140,CILAKU,"49 803
 ",46 453,96 256,1
3203161,"HAURWANGI
",27 753,25 736,53 489,1
3203190,"KARANGTENGAH
 ",69 680,64 607,134 287,1
3204280,BOJONGSOANG,52 051,"49 560
",101 611,1
3205011,CARINGIN,"15 036
 ",14 438,29 474,1
3205030,"BUNGBULANG
",29 985,29 544,59 529,1
3205050,"PAKENJENG
 ",33 257,32 442,65 699,1
3205310,MALANGBONG,60 602,"58 004
",118 606,1
3206050,CIKATOMAS,"23 860
 ",23 793,47 653,1
3206061,"PARUNGPONTENG
",16 606,16 898,33 504,1
3206072,"CULAMEGA
 ",11 326,11 536,22 862,1
3207040,LANGKAPLANCAR,23 480,"23 272
",46 752,1
3207100,BANJARSARI,"51 104
 ",51 978,103 082,1
3207111,"PURWADADI
",23 910,17 738,41 648,1
3207140,"CIMARAGAS
 ",7 461,7 993,15 454,1
3208081,CIMAHI,17 801,"17 734
",35 535,1
3208111,MALEBER,"20 526
 ",20 104,40 630,1
3208121,"SINDANG AGUNG
",17 294,16 786,34 080,1
3208160,"JALAKSANA
 ",22 782,22 475,45 257,1
3209161,TENGAH TANI,20 351,"19 904
",40 255,1
3209191,JAMBLANG,"17 813
 ",17 397,35 210,1
3209201,"PANGURAGAN
",21 639,21 036,42 675,1
3209230,"GEGESIK
 ",36 028,33 400,69 428,1
3211031,SUKASARI,15 727,"15 326
",31 053,1
3211071,CISITU,"12 965
 ",13 142,26 107,1
3211090,"CIBUGEL
",10 349,10 273,20 622,1
3211111,"JATIGEDE
 ",11 489,12 205,23 694,1
3212162,PASEKAN,12 205,"11 125
",23 330,1
3212210,ANJATAN,"41 359
 ",39 177,80 536,1
3212221,"PATROL
",27 885,25 905,53 790,1
3213011,"SERANG PANJANG
 ",11 982,11 950,23 932,1
3214040,PLERED,36 595,"34 046
",70 641,1
3214091,PONDOK SALAM,"13 513
 ",12 765,26 278,1
3214101,"BABAKANCIKAO
",23 927,23 318,47 245,1
3214112,"BUNGURSARI
 ",26 146,25 738,51 884,1
3216010,SETU,56 996,"54 698
",111 694,1
3216050,KEDUNGWARINGIN,"28 453
 ",27 075,55 528,1
3216062,"KARANGBAHAGIA
",46 036,44 414,90 450,1
3216081,"TAMBUN SELATAN
 ",211 498,205 412,416 910,1
3271060,TANAH SAREAL,97 268,"93 508
",190 776,1
3272030,WARUDOYONG,"27 341
 ",25 454,52 795,1
3272050,"CIKOLE
",28 410,28 598,57 008,1
3273020,"BABAKAN CIPARAY
 ",73 458,69 562,143 020,1
3274050,KEJAKSAN,20 605,"21 547
",42 152,1
3275030,BANTARGEBANG,"50 715
 ",45 242,95 957,1
3275040,"BEKASI TIMUR
",127 027,121 019,248 046,1
3275061,"MEDAN SATRIA
 ",81 792,79 825,161 617,1
3279020,PURWAHARJA,10 219,"10 317
",20 536,1
3301090,PATIMUAN,21 373,"21 188
",42 561,1
3301150,ADIPALA,"38 739
 ",36 579,75 318,1
3301170,"SAMPANG
",18 361,18 240,36 601,1
3301200,"NUSAWUNGU
 ",33 785,34 267,68 052,1
3303010,KEMANGKON,25 702,"26 572
",52 274,1
3303080,PADAMARA,"18 952
 ",19 748,38 700,1
3303100,"BOJONGSARI
",27 515,27 105,54 620,1
3303130,"KARANGREJA
 ",19 571,19 566,39 137,1
3305060,BULUSPESANTREN,25 751,"25 724
",51 475,1
3305110,ALIAN,"26 754
 ",26 829,53 583,1
3305120,"KEBUMEN
",59 114,59 413,118 527,1
3305150,"ADIMULYO
 ",16 329,17 132,33 461,1
3307051,SUKOHARJO,16 081,"15 140
",31 221,1
3307120,GARUNG,"24 649
 ",23 242,47 891,1
3308,"MAGELANG
",593 949,587 967,1 181 916,1
3308030,"NGLUWAR
 ",14 724,15 133,29 857,1
3309150,KLEGO,19 243,"19 985
",39 228,1
3310,KLATEN,"554 715
 ",575 147,1 129 862,1
3310030,"WEDI
",22 588,23 817,46 405,1
3310060,"TRUCUK
 ",34 266,34 876,69 142,1
3312,WONOGIRI,452 114,"476 573
",928 687,1
3312070,TIRTOMOYO,"23 911
 ",24 824,48 735,1
3312090,"BATURETNO
",21 591,22 878,44 469,1
3312120,"MANYARAN
 ",16 416,17 623,34 039,1
3314010,KALIJAMBE,23 835,"23 412
",47 247,1
3314080,NGRAMPAL,"18 055
 ",18 567,36 622,1
3314100,"SRAGEN
",32 808,33 900,66 708,1
3314130,"GEMOLONG
 ",22 217,23 240,45 457,1
3316050,CEPU,35 519,"36 529
",72 048,1
3316120,TUNJUNGAN,"22 116
 ",22 742,44 858,1
3316140,"NGAWEN
",27 798,28 160,55 958,1
3317,"REMBANG
 ",295 236,296 381,591 617,1
3318190,CLUWAK,20 702,"21 485
",42 187,1
3319030,JATI,"48 675
 ",50 740,99 415,1
3319050,"MEJOBO
",34 549,35 259,69 808,1
3319080,"GEBOG
 ",46 546,47 349,93 895,1
3321130,WEDUNG,35 491,"36 310
",71 801,1
3322031,KALIWUNGU,"12 681
 ",13 621,26 302,1
3322050,"PABELAN
",18 551,18 726,37 277,1
3322090,"SOMOWONO
 ",14 948,14 716,29 664,1
3324020,SUKOREJO,28 866,"28 313
",57 179,1
3324081,KALIWUNGU SELATAN,"22 420
 ",21 997,44 417,1
3324100,"PEGANDON
",17 315,16 116,33 431,1
3324111,"RINGINARUM
 ",16 986,14 896,31 882,1
3326100,S R A G I,29 894,"30 630
",60 524,1
3326150,TIRTO,"32 714
 ",32 436,65 150,1
3326161,"WONOKERTO
",22 212,21 605,43 817,1
3327011,"WARUNGPRING
 ",18 759,19 080,37 839,1
3329010,SALEM,28 242,"28 620
",56 862,1
3329080,KETANGGUNGAN,"66 693
 ",66 974,133 667,1
3329100,"LOSARI
",61 242,58 987,120 229,1
3329130,"BULAKAMBA
 ",82 334,79 928,162 262,1
3374080,PEDURUNGAN,88 791,"90 107
",178 898,1
3374150,TUGU,"14 645
 ",14 593,29 238,1
3375,"KOTA PEKALONGAN
",141 339,140 798,282 137,1
3375030,"PEKALONGAN SELATAN
 ",27 892,27 270,55 162,1
3401100,NANGGULAN,13 194,"14 027
",27 221,1
3402030,KRETEK,"14 063
 ",15 072,29 135,1
3402050,"BAMBANGLIPURO
",18 414,18 897,37 311,1
3402080,"JETIS
 ",25 710,26 217,51 927,1
3404050,GAMPING,48 697,"48 311
",97 008,1
3404110,NGEMPLAK,"29 148
 ",29 675,58 823,1
3404130,"SLEMAN
",30 752,31 815,62 567,1
3404170,"CANGKRINGAN
 ",13 809,14 368,28 177,1
3501090,TEGALOMBO,23 659,"24 420
",48 079,1
3502020,SLAHUNG,"24 218
 ",25 050,49 268,1
3502040,"SAMBIT
",17 647,17 922,35 569,1
3502070,"PULUNG
 ",22 978,22 972,45 950,1
3504040,CAMPUR DARAT,26 762,"26 891
",53 653,1
3504110,BOYOLANGU,"37 517
 ",38 980,76 497,1
3504130,"KEDUNGWARU
",42 392,42 845,85 237,1
3504160,"KAUMAN
 ",24 325,24 821,49 146,1
3506060,KANDAT,28 087,"28 116
",56 203,1
3506130,KANDANGAN,"23 294
 ",23 703,46 997,1
3506141,"BADAS
",29 884,29 406,59 290,1
3506170,"PURWOASRI
 ",26 525,27 945,54 470,1
3507250,PAKIS,67 697,"66 684
",134 381,1
3507310,PUJON,"33 483
 ",31 834,65 317,1
3507330,"KASEMBON
",15 247,14 884,30 131,1
3508020,"PRONOJIWO
 ",15 774,16 366,32 140,1
3509140,UMBULSARI,34 500,"35 304
",69 804,1
3509200,PANTI,"29 202
 ",30 514,59 716,1
3509220,"ARJASA
",18 714,19 604,38 318,1
3509260,"SUMBERJAMBE
 ",29 661,30 991,60 652,1
3511020,GRUJUGAN,16 867,"17 500
",34 367,1
3511070,TAPEN,"15 846
 ",17 240,33 086,1
3511090,"TENGGARANG
",19 443,20 094,39 537,1
3511111,"BINAKAL
 ",7 219,7 932,15 151,1
3513050,LECES,26 540,"27 966
",54 506,1
3513120,KOTAANYAR,"17 097
 ",18 061,35 158,1
3513140,"BESUK
",22 031,23 651,45 682,1
3513170,"PAJARAKAN
 ",16 267,17 420,33 687,1
3515,SIDOARJO,977 683,"967 569
",1 945 252,1
3515070,CANDI,"72 283
 ",72 863,145 146,1
3515090,"WONOAYU
",36 017,35 992,72 009,1
3515120,"BUDURAN
 ",46 901,45 433,92 334,1
3517070,BARENG,24 370,"24 938
",49 308,1
3517140,MEGALUH,"18 019
 ",18 411,36 430,1
3517160,"KESAMBEN
",29 737,30 259,59 996,1
3517180,"PLOSO
 ",19 222,19 433,38 655,1
3519090,PILANGKENCENG,24 311,"25 805
",50 116,1
3519150,JIWAN,"27 369
 ",28 881,56 250,1
3520010,"PONCOL
",14 167,14 625,28 792,1
3520041,"NGUNTORONADI
 ",9 400,9 830,19 230,1
3522,BOJONEGORO,597 585,"611 423
",1 209 008,1
3522050,BUBULAN,"6 711
 ",6 979,13 690,1
3522060,"TEMAYANG
",16 729,17 180,33 909,1
3522090,"KEPOH BARU
 ",29 443,30 212,59 655,1
3523160,KEREK,31 740,"32 713
",64 453,1
3524020,BLULUK,"10 313
 ",11 090,21 403,1
3524040,"SAMBENG
",23 702,24 345,48 047,1
3524070,"SUGIO
 ",26 540,27 735,54 275,1
3525140,DUKUN,25 597,"28 550
",54 147,1
3526010,KAMAL,"22 269
 ",23 704,45 973,1
3526030,"KWANYAR
",19 788,22 011,41 799,1
3526060,"KONANG
 ",21 841,22 974,44 815,1
3528050,PAMEKASAN,43 524,"45 166
",88 690,1
3528120,BATU MARMAR,"38 598
 ",39 305,77 903,1
3529,"SUMENEP
",495 099,546 816,1 041 915,1
3529030,"SARONGGI
 ",16 024,18 296,34 320,1
3573,KOTA MALANG,403 961,"415 747
",819 708,1
3574,KOTA PROBOLINGGO,"106 812
 ",110 155,216 967,1
3574011,"KEDOPOK
",15 196,15 220,30 416,1
3575,"KOTA PASURUAN
 ",92 394,93 928,186 322,1
3578200,TAMBAKSARI,101 742,"103 639
",205 381,1
3578250,BUBUTAN,"41 599
 ",42 756,84 355,1
3578270,"ASEMROWO
",21 782,20 822,42 604,1
3579,"KOTA BATU
 ",95 535,94 258,189 793,1
3601070,MUNJUL,11 328,"10 796
",22 124,1
3601110,PAGELARAN,"17 391
 ",16 509,33 900,1
3601112,"SUKARESMI
",17 402,16 367,33 769,1
3601130,"JIPUT
 ",14 423,13 968,28 391,1
3602121,LEBAKGEDONG,11 234,"10 297
",21 531,1
3602180,RANGKASBITUNG,"60 180
 ",56 741,116 921,1
3602190,"MAJA
",26 260,24 160,50 420,1
3603010,"CISOKA
 ",40 766,37 802,78 568,1
3604041,GUNUNG SARI,10 063,"9 281
",19 344,1
3604100,JAWILAN,"27 177
 ",25 399,52 576,1
3604120,"CIKANDE
",46 797,44 809,91 606,1
3604180,"WARINGINKURUNG
 ",21 236,20 132,41 368,1
3672031,JOMBANG,30 935,"29 424
",60 359,1
3673040,SERANG,"105 912
 ",101 153,207 065,1
3673060,"KASEMEN
",45 740,42 054,87 794,1
3674020,"SERPONG
 ",68 129,69 269,137 398,1
5102012,SELEMADEG BARAT,9 352,"9 422
",18 774,1
5102080,PUPUAN,"19 158
 ",19 163,38 321,1
5103,"BADUNG
",277 557,266 124,543 681,1
5103040,"MENGWI
 ",62 148,60 710,122 858,1
5108030,BUSUNGBIU,19 671,"19 848
",39 519,1
5108090,TEJAKULA,"27 232
 ",26 572,53 804,1
5171,"KOTA DENPASAR
",403 026,385 419,788 445,1
5201060,GUNUNG SARI,38 774,"39 834
",78 608,1
5202030,PRAYA TIMUR,"29 904
 ",32 768,62 672,1
5202050,"KOPANG
",34 692,40 916,75 608,1
5202080,"PRINGGARATA
 ",29 881,32 898,62 779,1
5204080,SUMBAWA,28 394,"28 255
",56 649,1
5204111,LENANGGUAR,"3 298
 ",2 988,6 286,1
5204121,"LAPE
",8 263,7 868,16 131,1
5204131,"LABANGKA
 ",5 237,4 911,10 148,1
5207010,SEKONGKANG,4 172,"4 015
",8 187,1
5207051,POTO TANO,"4 695
 ",4 563,9 258,1
5208,"LOMBOK UTARA
",98 623,101 281,199 904,1
5208040,"KAYANGAN
 ",18 314,19 087,37 401,1
5302011,NGGAHA ORIANGU,4 377,"4 285
",8 662,1
5302031,KARERA,"3 777
 ",3 581,7 358,1
5302033,"KAHAUNGU ETI
",4 189,3 989,8 178,1
5302041,"WULA WAIJELU
 ",3 573,3 342,6 915,1
5304,TIMOR TENGAH SELATAN,218 015,"222 455
",440 470,1
5304021,POLEN,"6 725
 ",6 871,13 596,1
5304030,"KOTA SOE
",19 946,19 151,39 097,1
5304042,"KUATNANA
 ",7 435,7 360,14 795,1
5305040,INSANA,8 936,"9 157
",18 093,1
5305051,BIBOKI TANPAH,"2 624
 ",2 710,5 334,1
5305060,"BIBOKI UTARA
",5 136,5 117,10 253,1
5306,"BELU
 ",174 143,178 257,352 400,1
5307040,ALOR TIMUR,3 740,"3 777
",7 517,1
5307062,PULAU PURA,"2 396
 ",2 662,5 058,1
5308,"LEMBATA
",55 256,62 382,117 638,1
5308020,"ATADEI
 ",3 409,4 134,7 543,1
5310031,DORENG,5 349,"5 887
",11 236,1
5310052,KANGAE,"7 515
 ",8 932,16 447,1
5310062,"KOTING
",2 981,3 380,6 361,1
5310071,"MAGEPANDA
 ",5 575,5 871,11 446,1
5312081,RIUNG BARAT,3 957,"3 803
",7 760,1
5313120,RUTENG,"19 142
 ",19 808,38 950,1
5313122,"LELAK
",5 354,5 465,10 819,1
5314,"ROTE NDAO
 ",61 147,58 564,119 711,1
5317070,WEWEWA UTARA,5 937,"5 712
",11 649,1
5318040,BOAWAE,"16 610
 ",17 185,33 795,1
5318060,"AESESA
",16 943,16 953,33 896,1
5319010,"BORONG
 ",30 296,31 181,61 477,1
6101041,SUBAH,9 155,"8 513
",17 668,1
6101062,TANGARAN,"9 786
 ",10 956,20 742,1
6101080,"SAJINGAN BESAR
",5 363,4 518,9 881,1
6102010,"SUNGAI RAYA
 ",9 051,8 992,18 043,1
6104081,SEGEDONG,10 122,"10 103
",20 225,1
6104121,SADANIANG,"5 467
 ",4 683,10 150,1
6105,"SANGGAU
",211 304,196 685,407 989,1
6105070,"MUKOK
 ",9 371,8 894,18 265,1
6107,SINTANG,187 667,"176 185
",363 852,1
6107140,SINTANG,"30 007
 ",29 027,59 034,1
6107160,"KAYAN HILIR
",12 566,11 703,24 269,1
6107190,"KETUNGAU HILIR
 ",10 606,9 872,20 478,1
6109050,BELITANG HILIR,10 706,"9 781
",20 487,1
6110020,TANAH PINOH,"7 320
 ",6 991,14 311,1
6110040,"BELIMBING
",10 442,9 646,20 088,1
6110051,"PINOH SELATAN
 ",5 062,4 804,9 866,1
,,,,,0
,,,,,0
,,,,,0
,,,,,0
,,,,,0
,,,,,0
,,,,,0
,,,,,0
,,,,,0
,,,,,0
,,,,,0
,,,,,0
,,,,,0
,,,,,0
,,,,,0
,,,,,0
,,,,,0
,,,,,0
6202021,TELUK SAMPIT,4 628,"4 301
",8 929,1
6202111,TELAWANG,"9 420
 ",7 443,16 863,1
6202190,"CEMPAGA
",9 841,9 278,19 119,1
6202211,"BUKIT SANTUAI
 ",4 328,3 712,8 040,1
6205060,LAHEI,11 106,"10 283
",21 389,1
6206031,PERMATA KECUBUNG,"5 215
 ",4 201,9 416,1
6207010,"BULIK
",11 561,10 112,21 673,1
6207013,"BULIK TIMUR
 ",3 439,3 012,6 451,1
6210060,BANAMATINGANG,4 384,"4 003
",8 387,1
6211030,SEPANG,"3 252
 ",2 862,6 114,1
6211040,"KURUN
",11 534,10 170,21 704,1
6211062,"MIRI MANASA
 ",1 915,1 735,3 650,1
,,,,,0
,,,,,0
,,,,,0
,,,,,0
,,,,,0
,,,,,0
,,,,,0
,,,,,0
,,,,,0
,,,,,0
,,,,,0
,,,,,0
,,,,,0
,,,,,0
,,,,,0
6301070,BATU AMPAR,12 042,"11 202
",23 244,1
6302030,PULAU LAUT SELATAN,"4 483
 ",4 302,8 785,1
6302040,"PULAU LAUT TIMUR
",6 787,6 018,12 805,1
6302120,"KELUMPANG SELATAN
 ",4 802,4 389,9 191,1
6304010,TABUNGANEN,9 614,"9 485
",19 099,1
6304071,JEJANGKIT,"3 106
 ",2 962,6 068,1
6304090,"WANARAYA
",6 259,6 107,12 366,1
6304120,"CERBON
 ",4 217,4 191,8 408,1
6307010,HARUYAN,10 173,"10 294
",20 467,1
6307070,LABUAN AMAS UTARA,"13 818
 ",13 467,27 285,1
6307090,"BATANG ALAI UTARA
",8 643,8 640,17 283,1
6308010,"DANAU PANGGANG
 ",9 565,10 093,19 658,1
6310053,MANTEWE,8 922,"7 987
",16 909,1
6311040,PARINGIN,"8 481
 ",8 370,16 851,1
6311050,"JUAI
",7 893,7 800,15 693,1
6371010,"BANJARMASIN SELATAN
 ",73 401,72 557,145 958,1
6401070,MUARA KOMAM,6 839,"6 147
",12 986,1
6402040,MUARA PAHU,"4 298
 ",3 927,8 225,1
6402050,"MUARA LAWA
",3 450,3 129,6 579,1
6402070,"BARONG TONGKOK
 ",12 710,11 316,24 026,1
6404011,BUSANG,2 243,"1 959
",4 202,1
6404040,SANGATTA UTARA,"40 193
 ",32 689,72 882,1
6404042,"TELUK PANDAN
",6 493,5 592,12 085,1
6404050,"SANGKULIRANG
 ",8 087,7 002,15 089,1
6407,BULUNGAN,60 422,"52 623
",113 045,1
6407024,TANJUNG SELOR,"20 985
 ",18 443,39 428,1
6407030,"SEKATAK
",4 879,4 394,9 273,1
6408010,"KRAYAN
 ",3 887,3 358,7 245,1
6473,KOTA TARAKAN,101 464,"91 605
",193 069,1
6474010,BONTANG SELATAN,"29 842
 ",27 205,57 047,1
6474030,"BONTANG BARAT
",13 071,11 840,24 911,1
7101100,BOLAANG,8 890,"8 206
",17 096,1
7102092,LANGOWAN BARAT,"7 690
 ",7 386,15 076,1
7102094,"LANGOWAN UTARA
",4 165,3 817,7 982,1
7102160,"TOMBARIRI
 ",13 119,12 562,25 681,1
7104022,KALONGAN,1 579,"1 479
",3 058,1
7104050,RAINIS,"2 969
 ",3 000,5 969,1
7104052,"PULUTAN
",994,960,1 954,1
7104070,"GEMEH
 ",2 740,2 721,5 461,1
7107020,BINTAUNA,6 464,"6 147
",12 611,1
7108010,BIARO,"1 623
 ",1 620,3 243,1
7108030,"TAGULANDANG
",5 716,5 848,11 564,1
7108070,"SIAU BARAT
 ",3 830,4 002,7 832,1
7171010,MALALAYANG,29 032,"28 652
",57 684,1
7171051,SINGKIL,"23 528
 ",23 289,46 817,1
7171053,"BUNAKEN
",10 650,10 247,20 897,1
7172011,"MATUARI
 ",13 972,13 375,27 347,1
7201031,TOTIKUM SELATAN,4 037,"3 996
",8 033,1
7201061,BULAGI SELATAN,"4 955
 ",4 716,9 671,1
7201070,"BUKO
",4 688,4 665,9 353,1
7202010,"TOILI
 ",15 883,14 847,30 730,1
7203081,MAMOSALATO,5 299,"4 967
",10 266,1
7204021,LORE BARAT,"1 477
 ",1 340,2 817,1
7204031,"PAMONA TIMUR
",5 025,4 500,9 525,1
7204042,"LORE TIMUR
 ",2 675,2 205,4 880,1
7206041,LAMPASIO,6 263,"5 601
",11 864,1
7207011,BIAU,"13 924
 ",13 506,27 430,1
7207020,"MOMUNU
",7 090,6 808,13 898,1
7207040,"BUNOBOGU
 ",4 512,4 372,8 884,1
7209080,WALEA KEPULAUAN,5 186,"5 096
",10 282,1
7210040,LINDU,"2 442
 ",2 137,4 579,1
7210060,"PALOLO
",14 406,12 962,27 368,1
7210100,"TANAMBULAVA
 ",4 058,3 808,7 866,1
7301042,BONTOMANAI,6 005,"6 225
",12 230,1
7302021,UJUNG LOE,"18 675
 ",20 807,39 482,1
7302040,"BONTOTIRO
",10 003,12 775,22 778,1
7302080,"RILAU ALE
 ",17 789,19 971,37 760,1
7305060,GALESONG UTARA,17 509,"18 241
",35 750,1
7306030,PALLANGGA,"48 546
 ",49 826,98 372,1
7306040,"SOMBA OPU
",64 442,65 684,130 126,1
7306061,"MANUJU
 ",6 845,7 229,14 074,1
7308070,MALLAWA,5 138,"5 554
",10 692,1
7309040,PANGKAJENE,"20 121
 ",21 480,41 601,1
7309050,"BALOCCI
",7 520,7 807,15 327,1
7309070,"LABAKKANG
 ",20 442,23 203,43 645,1
7311210,AJANGALE,12 581,"14 606
",27 187,1
7312,SOPPENG,"105 325
 ",118 432,223 757,1
7312020,"LALABATA
",21 298,22 991,44 289,1
7312032,"CITTA
 ",3 621,4 379,8 000,1
7315020,MATTIROSOMPE,13 247,"14 170
",27 417,1
7315050,PATAMPANUA,"15 308
 ",16 310,31 618,1
7315071,"BATULAPPA
",4 709,4 944,9 653,1
7316010,"MAIWA
 ",11 539,11 578,23 117,1
7318,TANA TORAJA,112 439,"109 356
",221 795,1
7318021,GANDANG BATU SILANAN,"9 572
 ",9 689,19 261,1
7318031,"SANGALA SELATAN
",3 697,3 674,7 371,1
7318042,"MAKALE UTARA
 ",5 924,5 855,11 779,1
7326010,SOPAI,6 688,"6 360
",13 048,1
7326080,TALLUNGLIPU,"9 147
 ",8 865,18 012,1
7326100,"TIKALA
",5 228,4 992,10 220,1
7326130,"SA'DAN
 ",7 315,7 257,14 572,1
7373020,WARA,14 993,"16 076
",31 069,1
7401072,LAPANDEWA,3 854,"3 912
",7 766,1
7401121,SANGIA WAMBULU,"2 370
 ",2 639,5 009,1
7401140,"MAWASANGKA
",10 519,11 545,22 064,1
7401151,"TALAGA RAYA
 ",4 033,4 902,8 935,1
7402112,BATUKARA,1 079,"1 165
",2 244,1
7403081,WAWONII TIMUR,"1 373
 ",1 440,2 813,1
7403083,"WAWONII TIMUR LAUT
",1 551,1 536,3 087,1
7403100,"SAMPARA
 ",5 964,5 748,11 712,1
7404060,KOLAKA,18 241,"17 736
",35 977,1
7404082,TINONDO,"3 693
 ",3 422,7 115,1
7405010,"TINANGGEA
",10 952,10 368,21 320,1
7405021,"BUKE
 ",6 886,6 351,13 237,1
7406043,LANTARI JAYA,4 008,"3 523
",7 531,1
7406061,POLEANG BARAT,"5 729
 ",5 544,11 273,1
7406063,"POLEANG TENGAH
",1 742,1 739,3 481,1
7407011,"TOGO BINONGKO
 ",2 260,2 493,4 753,1
7410030,LASOLO,5 285,"5 138
",10 423,1
7471010,MANDONGA,"18 113
 ",18 049,36 162,1
7471012,"PUUWATU
",14 204,13 445,27 649,1
7471020,"POASIA
 ",12 701,12 265,24 966,1
7502010,BATUDAA PANTAI,5 515,"5 245
",10 760,1
7502031,PULUBALA,"11 267
 ",11 134,22 401,1
7502041,"MOOTILANGO
",8 938,8 679,17 617,1
7502071,"LIMBOTO BARAT
 ",11 591,11 815,23 406,1
7504041,KABILA BONE,5 021,"4 725
",9 746,1
7505011,GENTUMA RAYA,"4 027
 ",3 939,7 966,1
7505030,"ANGGREK
",10 288,9 906,20 194,1
7571,"KOTA GORONTALO
 ",88 122,91 869,179 991,1
7602,POLEWALI MANDAR,193 163,"203 090
",396 253,1
7602030,CAMPALAGIAN,"25 050
 ",27 249,52 299,1
7602040,"WONOMULYO
",22 277,23 017,45 294,1
7602044,"B U L O
 ",4 314,4 321,8 635,1
7604033,TOMMO,10 294,"9 113
",19 407,1
7604054,TOBADAK,"12 518
 ",11 085,23 603,1
7605,"MAMUJU UTARA
",70 194,64 109,134 303,1
7605020,"BARAS
 ",8 140,7 218,15 358,1
8101054,KORMOMOLIN,3 053,"2 968
",6 021,1
8102021,KEI BESAR UTARA TIMUR,"4 684
 ",4 911,9 595,1
8103,"MALUKU TENGAH
",182 672,178 615,361 287,1
8103050,"AMAHAI
 ",19 994,18 890,38 884,1
8103090,"P
 HARUKU",12 054,12 116,24 170,1
8107,SERAM BAGIAN TIMUR,50 455,"48 578
",99 033,1
8107040,BULA,"12 675
 ",11 359,24 034,1
8108010,"PP WETAR
",4 167,3 770,7 937,1
8108040,"MOA LAKOR
 ",4 561,4 509,9 070,1
8172010,"P
P KUR",2 355,2 544,4 899,1
8202,HALMAHERA TENGAH,21 952,"20 790
",42 742,1
8202042,PATANI,"1 908
 ",1 999,3 907,1
8202044,"PATANI BARAT
",1 817,1 796,3 613,1
8203011,"SULABESI SELATAN
 ",2 131,2 172,4 303,1
8204050,BACAN BARAT,1 786,"1 724
",3 510,1
8204062,KAYOA SELATAN,"2 924
 ",2 926,5 850,1
8204070,"PULAU MAKIAN
",4 541,4 459,9 000,1
8204082,"GANE BARAT UTARA
 ",3 042,2 973,6 015,1
8206041,MABA TENGAH,2 641,"2 337
",4 978,1
8207040,MOROTAI JAYA,"3 723
 ",3 437,7 160,1
8271,"KOTA TERNATE
",94 544,91 111,185 655,1
8271012,"PULAU BATANG DUA
 ",1 252,1 211,2 463,1
9101083,BOMBERAY,1 831,"1 108
",2 939,1
9102031,KAMBRAU,"1 218
 ",1 009,2 227,1
9102041,"YAMOR
",1 158,772,1 930,1
9103021,"RASIEY
 ",1 383,1 221,2 604,1
9104100,MOSKONA UTARA,363,"370
",733,1
9105080,SURUREY,"1 226
 ",1 290,2 516,1
9105091,"TAIGE
",659,650,1 309,1
9105110,"WARMARE
 ",3 140,3 029,6 169,1
9107,SORONG,37 543,"33 092
",70 635,1
9107111,KLAMONO,"2 399
 ",2 115,4 514,1
9107113,"KLAWAK
",305,292,597,1
9107122,"SALAWATI TIMUR
 ",1 055,960,2 015,1
9109060,YEMBUN,505,"472
",977,1
9110050,AITINYO UTARA,"1 364
 ",1 387,2 751,1
9110070,"AYAMARU
",3 216,3 032,6 248,1
9110110,"AIFAT TIMUR
 ",1 247,1 183,2 430,1
9401030,KURIK,6 702,"6 197
",12 899,1
9401044,SOTA,"1 556
 ",1 290,2 846,1
9401050,"MUTING
",2 532,2 377,4 909,1
9402,"JAYAWIJAYA
 ",102 581,96 976,199 557,1
9404050,UWAPA,1 796,"1 642
",3 438,1
9404080,NABIRE,"39 814
 ",34 222,74 036,1
9404090,"NAPAN
",1 306,1 108,2 414,1
9404100,"SIRIWO
 ",2 310,2 282,4 592,1
9409101,SWANDIWE,2 060,"1 831
",3 891,1
9410041,DUMADAMA,"975
 ",882,1 857,1
9410071,"EKADIDE
",9 919,10 224,20 143,1
9410090,"BOGOBAIDA
 ",6 067,5 132,11 199,1
9413032,ARIMOP,665,"614
",1 279,1
9413046,KOMBAY,"792
 ",644,1 436,1
9413051,"AMBATKWI
",394,342,736,1
9414010,"NAMBIOMAN BAPAI
 ",3 808,3 868,7 676,1
9416024,BOMELA,760,"741
",1 501,1
9416030,ANGGRUK,"880
 ",852,1 732,1
9416032,"WALMA
",938,879,1 817,1
9416036,"PULDAMA
 ",971,947,1 918,1
9417022,ALEMSOM,1 311,"1 228
",2 539,1
9417030,BORME,"1 598
 ",1 314,2 912,1
9417032,"EPUMEK
",2 321,2 012,4 333,1
9417035,"NONGME
 ",1 029,839,1 868,1
9418043,PANAGA,900,"822
",1 722,1
9418049,EGIAM,"148
 ",124,272,1
9418060,"KUBU
",1 702,1 414,3 116,1
9418100,"GUNDAGI
 ",2 015,1 712,3 727,1
9426014,WAPOGA,889,"800
",1 689,1
9427,SUPIORI,"8 334
 ",7 527,15 861,1
9427011,"KEPULAUAN ARURI
",2 328,2 083,4 411,1
9428,"MAMBERAMO RAYA
 ",9 769,8 655,18 424,1
9431020,ILUGWA,1 103,"1 076
",2 179,1
9432020,APALAPSILI,"3 022
 ",2 768,5 790,1
9432040,"ELELIM
",3 133,2 812,5 945,1
9433010,"AGADUGUME
 ",3 358,3 138,6 496,1
9471,KOTA JAYAPURA,139 523,"122 253
",261 776,1
